{
  "project_info": {
    "project_number": "609100076229",
    "project_id": "tusparking-406921",
    "storage_bucket": "tusparking-406921.appspot.com"
  },
  "client": [
    {
      "client_info": {
        "mobilesdk_app_id": "1:609100076229:android:ab3527b4425913abb68cac",
        "android_client_info": {
          "package_name": "com.tus.tusparking"
        }
      },
      "oauth_client": [],
      "api_key": [
        {
          "current_key": "AIzaSyBcEMB-Fd2II_sAqZgqj_b9ZX74ntjGmjs"
        }
      ],
      "services": {
        "appinvite_service": {
          "other_platform_oauth_client": []
        }
      }
    }
  ],
  "configuration_version": "1"
}